,train,val,test
r2,0.3179209927930382,0.23589440887121527,0.23594689949181502
spearman,0.570123657827039,0.5116083773204487,0.5086696812282522
